"BOF","U8410049","OpenClaw - Trades / Positions","3","20260226","20260226","20260227;010233","100","100"
"BOA","U10263280"
"BOS","POST","Position; trade date basis"
"HEADER","POST","ClientAccountID","AccountAlias","Model","CurrencyPrimary","FXRateToBase","AssetClass","SubCategory","Symbol","Description","Conid","SecurityID","SecurityIDType","CUSIP","ISIN","FIGI","ListingExchange","UnderlyingConid","UnderlyingSymbol","UnderlyingSecurityID","UnderlyingListingExchange","Issuer","IssuerCountryCode","Multiplier","Strike","Expiry","Put/Call","PrincipalAdjustFactor","ReportDate","Quantity","MarkPrice","PositionValue","OpenPrice","CostBasisPrice","CostBasisMoney","PercentOfNAV","FifoPnlUnrealized","Side","LevelOfDetail","OpenDateTime","HoldingPeriodDateTime","VestingDate","Code","OriginatingOrderID","OriginatingTransactionID","AccruedInterest","SerialNumber","DeliveryType","CommodityType","Fineness","Weight"
"DATA","POST","U10263280","","","USD","1","STK","ETF","BIL","SS SPDR BB 1-3M T-BILL ETF","296457239","US78468R6633","ISIN","78468R663","US78468R6633","BBG000RFQSH8","ARCA","","BIL","","","","US","1","","","","","20260226","435","91.6","39846","91.362624697","91.362624697","39742.741743","68.22","103.258257","Long","SUMMARY","","","","","","","","","","","0.0","0.0"
"DATA","POST","U10263280","","","USD","1","STK","COMMON","KN","KNOWLES CORP","143926983","US49926D1090","ISIN","49926D109","US49926D1090","BBG004M8M6J1","NYSE","","KN","","","","US","1","","","","","20260226","360","27.92","10051.2","27.741005556","27.741005556","9986.762","17.21","64.438","Long","SUMMARY","","","","","","","","","","","0.0","0.0"
"DATA","POST","U10263280","","","USD","1","STK","COMMON","SNEX","STONEX GROUP INC","431495220","US8618961085","ISIN","861896108","US8618961085","BBG000BB1VJ2","NASDAQ","","SNEX","","","","US","1","","","","","20260226","65","130.96","8512.4","129.856769231","129.856769231","8440.69","14.57","71.71","Long","SUMMARY","","","","","","","","","","","0.0","0.0"
"EOS","POST","3","58409.6"
"BOS","TRNT","Trades; trade date basis"
"HEADER","TRNT","ClientAccountID","AccountAlias","Model","CurrencyPrimary","FXRateToBase","AssetClass","SubCategory","Symbol","Description","Conid","SecurityID","SecurityIDType","CUSIP","ISIN","FIGI","ListingExchange","UnderlyingConid","UnderlyingSymbol","UnderlyingSecurityID","UnderlyingListingExchange","Issuer","IssuerCountryCode","TradeID","Multiplier","RelatedTradeID","Strike","ReportDate","Expiry","DateTime","Put/Call","TradeDate","PrincipalAdjustFactor","SettleDateTarget","TransactionType","Exchange","Quantity","TradePrice","TradeMoney","Proceeds","Taxes","IBCommission","IBCommissionCurrency","NetCash","ClosePrice","Open/CloseIndicator","Notes/Codes","CostBasis","FifoPnlRealized","MtmPnl","OrigTradePrice","OrigTradeDate","OrigTradeID","OrigOrderID","OrigTransactionID","Buy/Sell","ClearingFirmID","IBOrderID","TransactionID","IBExecID","RelatedTransactionID","RTN","BrokerageOrderID","OrderReference","VolatilityOrderLink","ExchOrderID","ExtExecID","OrderTime","OpenDateTime","HoldingPeriodDateTime","WhenRealized","WhenReopened","LevelOfDetail","ChangeInPrice","ChangeInQuantity","OrderType","TraderID","IsAPIOrder","AccruedInterest","InitialInvestment","PositionActionID","SerialNumber","DeliveryType","CommodityType","Fineness","Weight"
"DATA","TRNT","U10263280","","","USD","1","STK","NY REG SHRS","ASML","ASML HOLDING NV-NY REG SHS","117902840","USN070592100","ISIN","","USN070592100","BBG000K6MRN4","NASDAQ","","ASML","","","","NL","90607592","1","","","20260226","","20260226;101623","","20260226","","20260227","ExchTrade","NASDAQ","-6","1438.25","-8629.5","8629.5","-0.0901053","-1.00117","USD","8628.4087247","1463.8","C","","-8718.12","-89.711274","-153.3","0","","","0","0","SELL","","56791088","736981661","00013d66.69a06388.01.01","","","00d3495d.0001e115.69939527.0003","","","N/A","0325624852","20260223;070710","","","","","EXECUTION","0","0","STP","","N","0","","","","","","0.0","0.0"
"DATA","TRNT","U10263280","","","USD","1","STK","COMMON","DG","DOLLAR GENERAL CORP","70212228","US2566771059","ISIN","256677105","US2566771059","BBG000NV1KK7","NYSE","","DG","","","","US","90696339","1","","","20260226","","20260226;155001","","20260226","","20260227","ExchTrade","EDGEA","-50","153.95","-7697.5","7697.5","-0.0908775","-1.00975","USD","7696.3993725","154","C","P","-7719.706889","-23.307517","-2.5","0","","","0","0","SELL","","56842142","737427721","0000d8dc.69a038ea.01.01","","","00d3495d.0001e115.699c4529.0002","","","N/A","548549178122S","20260226;072041","","","","","EXECUTION","0","0","STP","","N","0","","","","","","0.0","0.0"
"DATA","TRNT","U10263280","","","USD","1","STK","COMMON","DG","DOLLAR GENERAL CORP","70212228","US2566771059","ISIN","256677105","US2566771059","BBG000NV1KK7","NYSE","","DG","","","","US","90696359","1","","","20260226","","20260226;155001","","20260226","","20260227","ExchTrade","EDGEA","-11","153.93","-1693.23","1693.23","-0.00019305","-0.002145","USD","1693.22766195","154","C","P","-1704.386444","-11.158782","-0.77","0","","","0","0","SELL","","56842142","737427727","0000d8dc.69a038eb.01.01","","","00d3495d.0001e115.699c4529.0002","","","N/A","548549178123S","20260226;072041","","","","","EXECUTION","0","0","STP","","N","0","","","","","","0.0","0.0"
"DATA","TRNT","U10263280","","","USD","1","STK","COMMON","DG","DOLLAR GENERAL CORP","70212228","US2566771059","ISIN","256677105","US2566771059","BBG000NV1KK7","NYSE","","DG","","","","US","90696368","1","","","20260226","","20260226;155002","","20260226","","20260227","ExchTrade","ARCA","-30","153.81","-4614.3","4614.3","-0.0005265","-0.00585","USD","4614.2936235","154","C","P","-4648.326667","-34.033043","-5.7","0","","","0","0","SELL","","56842142","737427751","0000eb81.69a08d63.01.01","","","00d3495d.0001e115.699c4529.0002","","","N/A","0d.9fa3.14.01.000ff4:205701","20260226;072041","","","","","EXECUTION","0","0","STP","","N","0","","","","","","0.0","0.0"
"DATA","TRNT","U10263280","","","USD","1","STK","COMMON","GEV","GE VERNOVA INC","691984365","US36828A1016","ISIN","36828A101","US36828A1016","BBG013G17W31","NYSE","","GEV","","","","US","90604099","1","","","20260226","","20260226;101331","","20260226","","20260227","ExchTrade","IBKRATS","-9","840.65","-7565.85","7565.85","-0.09015795","-1.001755","USD","7564.75808705","876.46","C","","-7576.93","-12.171913","-322.29","0","","","0","0","SELL","","56788720","736972942","0000d5ff.69a04ca8.01.01","","","00d3495d.0001e115.699d96a6.0001","","","N/A","289838750S","20260224;075741","","","","","EXECUTION","0","0","STP","","Y","0","","","","","","0.0","0.0"
"DATA","TRNT","U10263280","","","USD","1","STK","COMMON","ITT","ITT INC","233010383","US45073V1089","ISIN","45073V108","US45073V1089","BBG00CVQZQ96","NYSE","","ITT","","","","US","90589932","1","","","20260226","","20260226;095438","","20260226","","20260227","ExchTrade","BATS","-90","205.72","-18514.8","18514.8","-0.0915795","-1.01755","USD","18513.6908705","204.14","C","","-18769.69","-255.999129","142.2","0","","","0","0","SELL","","56779116","736931862","0000e587.69a00db5.01.01","","","00d3495d.0001e115.699ee838.0002","","","N/A","1097098374296S","20260226;071928","","","","","EXECUTION","0","0","STP","","N","0","","","","","","0.0","0.0"
"DATA","TRNT","U10263280","","","USD","1","STK","COMMON","MU","MICRON TECHNOLOGY INC","9939","US5951121038","ISIN","595112103","US5951121038","BBG000C5Z1S3","NASDAQ","","MU","","","","US","90606087","1","","","20260226","","20260226;101516","","20260226","","20260227","ExchTrade","DARK","-14","410.158","-5742.212","5742.212","-0.0902457","-1.00273","USD","5741.1190243","415.56","C","","-6003.17","-262.050976","-75.628","0","","","0","0","SELL","","56790042","736976246","00030f00.69a08e92.01.01","","","00d3495d.0001e115.699c451d.0002","","","N/A","1798658902573719913","20260225;073204","","","","","EXECUTION","0","0","STP","","N","0","","","","","","0.0","0.0"
"DATA","TRNT","U10263280","","","USD","1","STK","COMMON","SNEX","STONEX GROUP INC","431495220","US8618961085","ISIN","861896108","US8618961085","BBG000BB1VJ2","NASDAQ","","SNEX","","","","US","90688130","1","","","20260226","","20260226;142011","","20260226","","20260227","ExchTrade","BATS","65","129.84","8439.6","-8439.6","-0.09","-1","USD","-8440.69","130.96","O","","8440.69","0","72.8","0","","","0","0","BUY","","56837232","737394929","0000e262.69a0267f.01.01","","","00d3495d.0001e115.69a0397c.0001","","","N/A","1880740301164B","20260226;073647","","","","","EXECUTION","0","0","STPLMT","","Y","0","","","","","","0.0","0.0"
"DATA","TRNT","U10263280","","","USD","1","STK","COMMON","TECK","TECK RESOURCES LTD-CLS B","39921623","CA8787422044","ISIN","878742204","CA8787422044","BBG000BSJTT0","NYSE","","TECK","","","","CA","90595762","1","","","20260226","","20260226;100151","","20260226","","20260227","ExchTrade","IBKRATS","-84","59.48","-4996.32","4996.32","-0.0914742","-1.01638","USD","4995.2121458","60.99","C","","-5039.41","-44.197854","-126.84","0","","","0","0","SELL","","56783163","736948777","000249dd.69a06636.01.01","","","00d3495d.0001e115.699c4526.0002","","","N/A","290328550S","20260226;072437","","","","","EXECUTION","0","0","STP","","N","0","","","","","","0.0","0.0"
"EOS","TRNT","9","51014.112"
"BOS","UNBC","Commission Details"
"HEADER","UNBC","ClientAccountID","AccountAlias","Model","CurrencyPrimary","FXRateToBase","AssetClass","SubCategory","Symbol","Description","Conid","SecurityID","SecurityIDType","CUSIP","ISIN","FIGI","ListingExchange","UnderlyingConid","UnderlyingSymbol","UnderlyingSecurityID","UnderlyingListingExchange","Issuer","IssuerCountryCode","Multiplier","Strike","Expiry","Put/Call","PrincipalAdjustFactor","Date/Time","Exchange","Buy/Sell","Quantity","Price","TradeID","OrderReference","TotalCommission","BrokerExecutionCharge","BrokerClearingCharge","ThirdPartyExecutionCharge","ThirdPartyClearingCharge","ThirdPartyRegulatoryCharge","RegFINRATradingActivityFee","RegSection31TransactionFee","RegOther","Other","SerialNumber","DeliveryType","CommodityType","Fineness","Weight"
"DATA","UNBC","U10263280","","","USD","1","STK","NY REG SHRS","ASML","ASML HOLDING NV-NY REG SHS","117902840","USN070592100","ISIN","","USN070592100","BBG000K6MRN4","NASDAQ","","ASML","","","","NL","1","","","","","20260226;101623","NASDAQ","SELL","-6","1438.25","90607592","","-1.00117","-1","0","0","0","-0.00117","0","0","-0.00117","0","","","","0.0","0.0"
"DATA","UNBC","U10263280","","","USD","1","STK","COMMON","DG","DOLLAR GENERAL CORP","70212228","US2566771059","ISIN","256677105","US2566771059","BBG000NV1KK7","NYSE","","DG","","","","US","1","","","","","20260226;155001","EDGEA","SELL","-50","153.95","90696339","","-1.00975","-1","0","0","0","-0.00975","0","0","-0.00975","0","","","","0.0","0.0"
"DATA","UNBC","U10263280","","","USD","1","STK","COMMON","DG","DOLLAR GENERAL CORP","70212228","US2566771059","ISIN","256677105","US2566771059","BBG000NV1KK7","NYSE","","DG","","","","US","1","","","","","20260226;155001","EDGEA","SELL","-11","153.93","90696359","","-0.002145","0","0","0","0","-0.002145","0","0","-0.002145","0","","","","0.0","0.0"
"DATA","UNBC","U10263280","","","USD","1","STK","COMMON","DG","DOLLAR GENERAL CORP","70212228","US2566771059","ISIN","256677105","US2566771059","BBG000NV1KK7","NYSE","","DG","","","","US","1","","","","","20260226;155002","ARCA","SELL","-30","153.81","90696368","","-0.00585","0","0","0","0","-0.00585","0","0","-0.00585","0","","","","0.0","0.0"
"DATA","UNBC","U10263280","","","USD","1","STK","COMMON","GEV","GE VERNOVA INC","691984365","US36828A1016","ISIN","36828A101","US36828A1016","BBG013G17W31","NYSE","","GEV","","","","US","1","","","","","20260226;101331","IBKRATS","SELL","-9","840.65","90604099","","-1.001755","-1","0","0","0","-0.001755","0","0","-0.001755","0","","","","0.0","0.0"
"DATA","UNBC","U10263280","","","USD","1","STK","COMMON","ITT","ITT INC","233010383","US45073V1089","ISIN","45073V108","US45073V1089","BBG00CVQZQ96","NYSE","","ITT","","","","US","1","","","","","20260226;095438","BATS","SELL","-90","205.72","90589932","","-1.01755","-1","0","0","0","-0.01755","0","0","-0.01755","0","","","","0.0","0.0"
"DATA","UNBC","U10263280","","","USD","1","STK","COMMON","MU","MICRON TECHNOLOGY INC","9939","US5951121038","ISIN","595112103","US5951121038","BBG000C5Z1S3","NASDAQ","","MU","","","","US","1","","","","","20260226;101516","DARK","SELL","-14","410.158","90606087","","-1.00273","-1","0","0","0","-0.00273","0","0","-0.00273","0","","","","0.0","0.0"
"DATA","UNBC","U10263280","","","USD","1","STK","COMMON","SNEX","STONEX GROUP INC","431495220","US8618961085","ISIN","861896108","US8618961085","BBG000BB1VJ2","NASDAQ","","SNEX","","","","US","1","","","","","20260226;142011","BATS","BUY","65","129.84","90688130","","-1","-1","0","0","0","0","0","0","0","0","","","","0.0","0.0"
"DATA","UNBC","U10263280","","","USD","1","STK","COMMON","TECK","TECK RESOURCES LTD-CLS B","39921623","CA8787422044","ISIN","878742204","CA8787422044","BBG000BSJTT0","NYSE","","TECK","","","","CA","1","","","","","20260226;100151","IBKRATS","SELL","-84","59.48","90595762","","-1.01638","-1","0","0","0","-0.01638","0","0","-0.01638","0","","","","0.0","0.0"
"EOS","UNBC","9","-7.05733"
"EOA","U10263280"
"EOF"